"22nd Cross Ejipura, Bangalore","22nd Cross Road, Gowda Muniswamy Garden, Ejipura, Bangalore, Karnataka 560095, India",12.946538,77.627361,5,200
"Abbigere, Bangalore","Abbigere, Bangalore, Karnataka, India",13.071019,77.526141,3,200
"Abbigere Cross, Bangalore","5th Cross Street, MEI Employees Housing Colony, Bangalore, Karnataka 560073, India",13.059622,77.505385,5,200
"Abbigere Dinne, Bangalore","Bangalore, Karnataka, India",12.971599,77.594563,3,200
"Abhiman Studio, Bangalore","Bangalore, Karnataka, India",12.971599,77.594563,3,200
"Adugodi, Bangalore","Adugodi, Bangalore, Karnataka, India",12.943882,77.609219,3,200
"Aduru Anekal, Bangalore","Bangalore, Karnataka, India",12.971599,77.594563,3,200
"Aduru Maragondanahalli, Bangalore","Maragondanahalli Lake, Bangalore, Karnataka",13.04719,77.685823,3,200
"AECS Layout Kudlu, Bangalore","AECS Layout, Singasandra, Bangalore, Karnataka 560068, India",12.886486,77.649317,3,200
"AGS Office, Bangalore","Bangalore, Karnataka, India",12.971599,77.594563,3,200
"Akkipete Devanahalli, Bangalore","Bangalore, Karnataka, India",12.971599,77.594563,3,200
"Aluru, Bangalore","Makali Aluru Main Road, Bangalore, Karnataka 562123, India",13.070794,77.457163,5,200
"Ambedkar Institute Of Technology, Bangalore","Dr. Ambedkar Institute Of Technology, Nagarabhavi, Bangalore, Karnataka 560056, India",12.963534,77.505906,3,200
"Anchemuskuru, Bangalore","Bangalore, Karnataka, India",12.971599,77.594563,3,200
"Anil Kumble Circle, Bangalore","Bangalore, Karnataka, India",12.971599,77.594563,3,200
"Annekaranahalli, Bangalore","Annekaranahalli, Karnataka 562201, India",12.87397,77.27356,3,200
"Arabic College, Bangalore","Arabic College, Kamraj Nagar, HBR Layout, Bangalore, Karnataka 560045, India",13.030358,77.622467,3,200
"Arakere Doddaballapura Road, Bangalore","Bangalore, Karnataka, India",12.971599,77.594563,3,200
"Arakere Gate Doddaballapura Road, Bangalore","Bangalore, Karnataka, India",12.971599,77.594563,3,200
"Arehalli Attibele, Bangalore","Attibele - Anekal Road, Karnataka, India",12.757756,77.762473,5,200
"Arehalli Gate Utharahalli, Bangalore","Uttarahalli Main Road, Bangalore, Karnataka 560061, India",12.90761,77.547106,5,200
"Arenuru, Bangalore","Bangalore, Karnataka, India",12.971599,77.594563,3,200
"ASC Center, Bangalore","ASC Centre and College, MEG, Victoria Lay Out, Bangalore, Karnataka 560007, India",12.967468,77.618708,3,200
"Athimgere Gate, Bangalore","Bangalore, Karnataka, India",12.971599,77.594563,3,200
"Attibele Hosur Road, Bangalore","Hosur Road",12.77851,77.771607,5,200
"Attibele Sulibele, Bangalore","Attibele Cross Bus Stop, National Highway 207, Attibele, Karnataka 562129, India",13.167832,77.79376,3,200
"Attiguppe, Bangalore","Attiguppe, Bangalore, Karnataka, India",12.959791,77.52898,3,200
"Atturu, Bangalore","Atturu, Yelahanka New Town, Bangalore, Karnataka, India",13.105611,77.563375,3,200
"Atturu Hosakote, Bangalore","Bangalore, Karnataka, India",12.971599,77.594563,3,200
"Austin Town, Bangalore","Austin Town, Old Race Course Road, Elagondanpalya, Victoria Layout, Bangalore, Karnataka 560047, India",12.961636,77.613305,3,200
"B Channasandra, Bangalore","B Channasandra, Ramamurthinagar Main Road, Govindpura, Dooravani Nagar, Bangalore, Karnataka 560016, India",13.011286,77.663098,3,200
"Bakery Ganapathi Pura, Bangalore","Bangalore, Karnataka, India",12.971599,77.594563,3,200
"Balagaranahalli Gate, Bangalore","Balagaranahalli Road, Balagaranahalli, Karnataka 562107, India",12.784829,77.736028,5,200
"Bande Inorapalya, Bangalore","Bangalore, Karnataka, India",12.971599,77.594563,3,200
"Bangalore University Administrative Block, Bangalore","Administrative Block, Bangalore University, Gandhi Marg, Gnana Bharathi, Bangalore, Karnataka 560056, India",12.950263,77.502054,3,200
"Bangalore University Gate Mysore Road, Bangalore","Mysore Road, Kenchenhalli, RR Nagar, Bangalore, Karnataka 560056, India",12.935503,77.512947,3,200
"Bangalore University Ladies Hostel , Bangalore","Girls Hostel Road, Dr. Ambedkar Institute Of Technology, BDA Layout, Nagarabhavi, Bangalore, Karnataka 560056, India",12.964295,77.505684,5,200
"Bangalore University Library, Bangalore","University Library, Bangalore University, Gnana Bharathi, Bangalore, Karnataka 560056, India",12.944656,77.50501,3,200
"BEML Complex, Bangalore","J J Complex, Varthur Main Road, Anand Nagar, Marathahalli, Bangalore, Karnataka 560037, India",12.957022,77.702404,3,200
"Bettahalasuru, Bangalore","Bettahalasur Railway Station, Bangalore, Karnataka 562157, India",13.166022,77.604352,3,200
"Bettahalasuru cross, Bangalore","Bangalore, Karnataka, India",12.971599,77.594563,3,200
"Bharath Nagara 1st Phase, Bangalore","Bharath, Rajiv Gandhi Nagar, HSR Layout, Bangalore, Karnataka 560102, India",12.906628,77.63082,3,200
"Bharoka Steel, Bangalore","Bangalore, Karnataka, India",12.971599,77.594563,3,200
"BHEL Layout Cross, Bangalore","Plot No S910, 13th Cross, 60 feet main road, IInd Phase, Bharat Nagar, Bangalore, Karnataka 560091, India",12.978328,77.476766,3,200
"Bidaraguppe, Bangalore","Bidaraguppe, Karnataka, India",12.806113,77.785973,3,200
"Biscuit Factory Mysore Road, Bangalore","Mysore Road, Bangalore, Karnataka, India",12.910398,77.484065,5,200
"Bommasandra Indl Area, Bangalore","Bommasandra Industrial Area, Bangalore, Karnataka, India",12.816192,77.685107,3,200
"Bommasandra Indl Area 4th Cross, Bangalore","4th Cross Road, Kammasandra, Electronics City, Bangalore, Karnataka 560100, India",12.837063,77.692379,5,200
"BPL Arekere, Bangalore","BPL, BG Road, Syndicate Bank Colony, Omkar Nagar, Arakere, Bangalore, Karnataka 560076, India",12.886347,77.596343,3,200
"brigade gateway, Bangalore","Brigade Gateway Apartments, Brigade Gateway Road, Subramanyanagar, Rajajinagar, Bangalore, Karnataka 560055, India",13.010957,77.557285,3,200
"Brigade Millenium, Bangalore","Cassia Block, Main Road, Nataraja Layout, Arakere, Bangalore, Karnataka 560078, India",12.891491,77.58227,3,200
"Canara Bank ISRO Layout, Bangalore","ISRO Layout Lake, 5th Stage, Subramanyapura, Bangalore, Karnataka 560078",12.897663,77.554598,3,200
"CBI Office Ganganagara, Bangalore","Bangalore, Karnataka, India",12.971599,77.594563,3,200
"Chamarajpete, Bangalore","Chamarajpet, Bangalore, Karnataka, India",12.955802,77.563375,3,200
"Channasandra BEML th Stage, Bangalore","BEML 5th Stage Bus Stop, 5th Stage, RR Nagar, Bangalore, Karnataka 560098, India",12.906735,77.521784,3,200
"Chikka Adugodi, Bangalore","Chikka Adugodi, Sadduguntepalya, Bangalore, Karnataka 560029, India",12.928044,77.610293,3,200
"Chokkanahalli Cross Dibbur, Bangalore","Bangalore, Karnataka, India",12.971599,77.594563,3,200
"Church Kengeri Satellite Town, Bangalore","Church, 6th Main Road, Stage I, Kengeri Satellite Town, Bangalore, Karnataka 560060, India",12.920256,77.481063,3,200
"City Light Apartment, Bangalore","Bangalore, Karnataka, India",12.971599,77.594563,3,200
"Cunningham Road, Bangalore","Cunningham Road, Bangalore, Karnataka, India",12.989646,77.592792,5,200
"Devalapura, Bangalore","Bangalore, Karnataka, India",12.971599,77.594563,3,200
"Double Road BEML Layout, Bangalore","Double Road Bus Station, Jawaharlal Nehru Road, Sachidananda Nagar, RR Nagar, Bangalore, Karnataka 560098, India",12.914656,77.520585,3,200
"E Muthasandra, Bangalore","Muthasandra, Karnataka, India",12.928646,77.793838,3,200
"East railway station, Bangalore","Bangalore East Railway Station, Pottery Road, Frazer Town, Bangalore, Karnataka 560005, India",13.00127,77.61826,3,200
"Echala Mara Vidyaranyapura, Bangalore","Vidyaranyapura, Bangalore, Karnataka, India",13.075422,77.559078,3,200
"Ejipura, Bangalore","Ejipura, Bangalore, Karnataka, India",12.942621,77.627122,3,200
"Elgin Flour Mill, Bangalore","Bangalore, Karnataka, India",12.971599,77.594563,3,200
"Elthore Uganawadi, Bangalore","Bangalore, Karnataka, India",12.971599,77.594563,3,200
"Embassy Group, Bangalore","Confident Group, 6th Cross Road, Koramangala 6 Block, Koramangala, Bangalore, Karnataka 560095, India",12.93797,77.623564,3,200
"EMC2, Bangalore","Bangalore, Karnataka, India",12.971599,77.594563,3,200
"Escorts Yelahanka Road, Bangalore","Road, BSF Campus, Yelahanka, Bangalore, Karnataka 560063, India",13.121493,77.607986,5,200
"Eshwara Layout, Bangalore","Eshwara Layout, Indira Nagar, Bangalore, Karnataka, India",12.975457,77.634282,3,200
"Eshwari Form, Bangalore","Bangalore, Karnataka, India",12.971599,77.594563,3,200
"Eshwari Nagara , Bangalore","Eshwari Medicals, Srinivasa Nagar, Banashankari, Bangalore, Karnataka 560050, India",12.932391,77.55602,3,200
"ESI Garudachar Palya, Bangalore","ESI, KIADB Mahadevapura, Hudi, Industrial Area, Hoodi, Bangalore, Karnataka 560048, India",12.99251,77.706396,3,200
"Gandhi Bhavan, Bangalore","Gandhi Bhavan, Kumara Park East, Seshadripuram, Bangalore, Karnataka 560001, India",12.987898,77.580233,3,200
"Gangamma Circle, Bangalore","Gangamma Circle, HMT Estate, 2nd Stage, Bangalore, Karnataka 560015, India",13.056769,77.546741,3,200
"Geddalapura, Bangalore","Siddapur, Whitefield, Bangalore, Karnataka, India",12.952583,77.732332,3,200
"GKW, Bangalore","GKW Layout, Vijayanagar, Bangalore, Karnataka 560040, India",12.967224,77.529338,3,200
"Glass Factory Tanary Road, Bangalore","Bangalore, Karnataka, India",12.971599,77.594563,3,200
"Gowdana Palya Uttarahalli Road, Bangalore","Gowdanapalya Bus Stop, Subramanya Pura Road, Telecom Layout, Padmanabha Nagar, Bangalore, Karnataka 560061, India",12.911586,77.555725,3,200
"Gulaka Malai, Bangalore","Gulakamale, Karnataka, India",12.797559,77.530413,3,200
"HAL Main Gate, Bangalore","Main Road, Bangalore, Karnataka",12.975298,77.669015,5,200
"Hanumantha Nagara Ward Office, Bangalore","Bangalore Water Supply and Sewage Board Tank/Office, Banashankari Stage II, Banashankari, Bangalore, Karnataka 560070",12.924715,77.56942,3,200
"HBR Layout 1st Stage, Bangalore","1st stage, HBR Layout, Bangalore, Karnataka 560043, India",13.031811,77.626943,3,200
"Hesaraghatta TB, Bangalore","T.B Cross, Hesaraghatta, Karnataka, India",13.13041,77.484896,3,200
"HMT Auditorium, Bangalore","Auditorium 11, Orion Mall, Subramanyanagar, Rajajinagar, Bangalore, Karnataka 560055, India",13.010815,77.55527,3,200
"I Basapura, Bangalore","Basapura, Bangalore, Karnataka, India",12.865649,77.656476,3,200
"IAF, Bangalore","IAF Bus Stop, National Highway 7, Yelahanka Airforce Base, Yelahanka, Bangalore, Karnataka 560063, India",13.131402,77.615093,3,200
"IAF Bellary Road, Bangalore","Bellary Road, Bangalore, Karnataka, India",13.057311,77.593497,5,200
"IAF Gate, Bangalore","Bangalore, Karnataka, India",12.971599,77.594563,3,200
"Ibbaluru Sarjapura Road, Bangalore","Govt Higher Primary School, Ibbaluru, Iblur Village, Bellandur, Bangalore, Karnataka 560103, India",12.921283,77.66337,3,200
"Ichanguru, Bangalore","Bangalore, Karnataka, India",12.971599,77.594563,3,200
"Ideal Homes Raja Rajeshwari Nagara, Bangalore","Ideal Homes Society, 24th Cross Road, Ideal Homes Layout, Kenchenhalli, RR Nagar, Bangalore, Karnataka 560098, India",12.929752,77.512222,3,200
"IGate ITPL Road, Bangalore","iGate Bus Stop, Road Number 2, KIADB Export Promotion Industrial Area, Whitefield, Bangalore, Karnataka 560048, India",12.977349,77.718889,3,200
"Iggluru, Bangalore","Bangalore, Karnataka, India",12.971599,77.594563,3,200
"Ilyas Nagar, Bangalore","Ilyas Nagar, Kumaraswamy Layout, Bangalore, Karnataka 560078, India",12.905982,77.569823,3,200
"Inchara Hotel J P Nagara 5th Phase, Bangalore","5th Phase, Bangalore, Karnataka, India",12.900556,77.589164,3,200
"Income Tax Layout, Bangalore","Income Tax Layout, Bennigana Halli, Bangalore, Karnataka 560033, India",12.997179,77.656297,3,200
"Indalabele Attibele, Bangalore","Sarjapura - Attibele Road, Karnataka, India",12.790765,77.776173,5,200
"India Garage Vannar Peth Road, Bangalore","Bangalore, Karnataka, India",12.971599,77.594563,3,200
"Indian Air Force, Bangalore","Air Force Area, Domlur, Bangalore, Karnataka, India",12.964016,77.631418,3,200
"Indian Oil Maruthi Seva Nagara, Bangalore","Bangalore, Karnataka, India",12.971599,77.594563,3,200
"Infosys Parking Lot, Bangalore","Bangalore, Karnataka, India",12.971599,77.594563,3,200
"ISKCON Temple, Bangalore","Iskcon Temple, Chord Road, Rajajinagar, Bangalore, Karnataka 560010, India",13.009962,77.551091,3,200
"Islampura Nelamangala, Bangalore","Bangalore, Karnataka, India",12.971599,77.594563,3,200
"Isolation Hospital, Bangalore","Isolation Hospital, New Baiyyappanahalli, Sarvagna Nagar, Bangalore, Karnataka 560038, India",12.986682,77.64445,3,200
"ISRO Layout, Bangalore","ISRO Layout, Bangalore, Karnataka 560078, India",12.898373,77.55836,3,200
"ISRO Quarters, Bangalore","ISRO Quarters, Defence Colony, Domlur, Bangalore, Karnataka, India",12.970361,77.634819,3,200
"Isuvanahalli, Bangalore","Isuvanahalli, Karnataka 562132, India",13.195059,77.341057,3,200
"ITC Devanahalli Road, Bangalore","Devanahalli, Southegowdanahalli, Karnataka 562110, India",13.243513,77.709209,3,200
"ITC Maruthi Sevanagar, Bangalore","ITC, Jeevanhalli, Maruthi Sevanagar, Bangalore, Karnataka 560005, India",12.997543,77.625167,3,200
"ITPL, Bangalore","ITPL, ITPL Main Road, Kadugodi Industrial Area, Bangalore, Karnataka 560066, India",12.987565,77.737128,3,200
"ITPL Back Gate, Bangalore","Bangalore, Karnataka, India",12.971599,77.594563,3,200
"Ittamadu, Bangalore","Ittamadu, Banashankari, Bangalore, Karnataka, India",12.923097,77.544029,3,200
"Ittamadu Bidadi, Bangalore","Bangalore, Karnataka, India",12.971599,77.594563,3,200
"Ittamadu Utharahalli, Bangalore","Uttarahalli, Ramanjaneyanagar, Uttarahalli, Bangalore, Karnataka 560061, India",12.908497,77.538333,3,200
"Ittanguru Sarjapura, Bangalore","Sarjapur, Bangalore, Karnataka 562125, India",12.857737,77.786311,3,200
"Ittkalapura Cross Rajanukunte, Bangalore","Bangalore, Karnataka, India",12.971599,77.594563,3,200
"Ittkalapura Rajanukunte, Bangalore","Bangalore, Karnataka, India",12.971599,77.594563,3,200
"Ivara Kandapura, Bangalore","Bangalore, Karnataka, India",12.971599,77.594563,3,200
"Jakkur Aerodrum, Bangalore","Bangalore-Hyderabad Highway",15.263653,77.766664,5,200
"Jalahalli East, Bangalore","Jalahalli East, Bangalore, Karnataka, India",13.069923,77.54486,3,200
"Jame Ul Uloom School, Bangalore","Bangalore, Karnataka, India",12.971599,77.594563,3,200
"Janatha Bazar, Bangalore","Janata Bazar, Kempe Gowda Road, Gandhi Nagar, Bangalore, Karnataka 560009, India",12.975061,77.57739,3,200
"Jayadeva Hospital, Bangalore","Jayadeva Hospital, Outer Ring Road, Tilak Nagar, Jayanagar, Bangalore, Karnataka 560041, India",12.917495,77.598968,3,200
"Jayanagara 9th Block East, Bangalore","Jayanagara 9th Block, Jayanagar, Bangalore, Karnataka 560041, India",12.919789,77.592746,3,200
"JC Nagara, Bangalore","J C Nager, Karnataka 560008, India",12.987639,77.637862,3,200
"JHBCS Layout Cross, Bangalore","Bangalore, Karnataka, India",12.971599,77.594563,3,200
"Jigala, Bangalore","Jigala, Karnataka 562107, India",12.797112,77.759513,3,200
"Jigala Cross, Bangalore","Bangalore, Karnataka, India",12.971599,77.594563,3,200
"Jn of Anekal Road, Bangalore","Anekal Road, Attibele, Karnataka 562107, India",12.776802,77.769514,5,200
"Jn Of Devalapura, Bangalore","Bangalore, Karnataka, India",12.971599,77.594563,3,200
"Jn Of Ejipura, Bangalore","Ejipura, Bangalore, Karnataka, India",12.942621,77.627122,3,200
"Jn of Hosur Road, Bangalore","Hosur Road, Bangalore, Karnataka, India",12.850894,77.668487,5,200
"Jn of Ilyas Nagara, Bangalore","Ilyas Nagar, Kumaraswamy Layout, Bangalore, Karnataka 560078, India",12.905982,77.569823,3,200
"Jn of K Channasandra, Bangalore","K Channasandra, Bangalore, Karnataka, India",13.043277,77.67795,3,200
"Jn of Kasturi Nagara, Bangalore","Kasturi Nagar, Bangalore, Karnataka, India",13.002871,77.660771,3,200
"Jn of Kommaghatta Road, Bangalore","Mysore Road Exit Toll, Kengeri, Bangalore, Karnataka 560060, India",12.901344,77.470354,3,200
"JN OF LAXMAN NAGAR, Bangalore","Laxman, 27th Main Road, Sector 1, HSR Layout, Bangalore, Karnataka 560102, India",12.918489,77.651845,3,200
"Jn of Marasandra Malur Road, Bangalore","Malur Main Road, Bangalore, Karnataka, India",12.820071,77.717542,5,200
"Jn of Marathalli Bridge, Bangalore","Marathalli Bridge, Bangalore, Karnataka 560037, India",12.956552,77.707291,5,200
"Jn of Nagavara Road, Bangalore","Nagawara Main Road, Bangalore, Karnataka 560045, India",13.033497,77.622373,5,200
"Jn of New Bridge, Bangalore","Bangalore, Karnataka, India",12.971599,77.594563,3,200
"Jn of NH  Devanahalli Road, Bangalore","NH Service Road, Karnataka 562110",13.233959,77.694733,5,200
"Jn of th main HSR Layout, Bangalore","14 th Main Road, Eastwood Township, Harlur, Bangalore, Karnataka 560103, India",12.909054,77.666288,5,200
"Jn of Vaddarahalli, Bangalore","Vaddarahalli, Karnataka, India",13.015213,77.448684,3,200
"JOIN OF SARJAPURA ROAD, Bangalore","Jcct (Admn) Joint Commissioner Of Commercial Taxes, Malleswaram, Bangalore, Karnataka 560003, India",12.996359,77.571431,3,200
"JUICE FACTORY, Bangalore","Bangalore, Karnataka, India",12.971599,77.594563,3,200
"Kadirenahalli Uttarahalli Road, Bangalore","Kadirenahalli, Padmanabha Nagar, Bangalore, Karnataka, India",12.916933,77.562658,3,200
"Kanikal, Bangalore","Bangalore, Karnataka, India",12.971599,77.594563,3,200
"Kannamangala Palya Gate, Bangalore","Bangalore, Karnataka, India",12.971599,77.594563,3,200
"KEB Office Kaggalipura, Bangalore","Bangalore, Karnataka, India",12.971599,77.594563,3,200
"Kempegowda Garden Abbigere, Bangalore","Garden, Chikbanavara, Bangalore, Karnataka 560090, India",13.077946,77.510703,3,200
"Kempegowda International Airport [KIA], Bangalore","Bangalore, Karnataka, India",12.971599,77.594563,3,200
"Kengeri Bande Mata, Bangalore","Bangalore, Karnataka, India",12.971599,77.594563,3,200
"Kengeri Satellite Town Hoysala Circle, Bangalore","Hoysala Circle Bus Stop, Kengeri Main Road, Subash Nagar, Kengeri Satellite Town, Bangalore, Karnataka 560060, India",12.923821,77.484925,3,200
"Kengeri Satellite Town Society, Bangalore","Society Bus Stop, Kengeri Main Road, Stage II, Kengeri Satellite Town, Bangalore, Karnataka 560060, India",12.921641,77.484191,3,200
"Kodi Chikkanahalli Cross Kannamangala, Bangalore","Kannamangala, Bangalore, Karnataka 560067, India",13.027451,77.760943,3,200
"Kudlu, Bangalore","Kudlu, Bangalore, Karnataka 560068, India",12.888774,77.652897,3,200
"Kudlu Panchayath office, Bangalore","Gram Panchayat Office, AECS Layout A-Block, AECS Layout, Singasandra, Bangalore, Karnataka 560068, India",12.889222,77.64949,3,200
"Kumbalahalli Gate, Bangalore","ITPL Main Road, Bangalore, Karnataka",12.972338,77.711761,5,200
"Lakkuppe, Bangalore","Bangalore, Karnataka, India",12.971599,77.594563,3,200
"Lalbagh Main Gate, Bangalore","Halasuru gate Traffic Police, Kasturba Road, Halsurpete, Nagarathpet, Bangalore, Karnataka 560002, India",12.966529,77.587335,3,200
"LPG Gas Company, Bangalore","Bangalore, Karnataka, India",12.971599,77.594563,3,200
"MALENAHALLI, Bangalore","Marathahalli, Bangalore, Karnataka, India",12.951198,77.699766,3,200
"Mallya Hospital, Bangalore","Mallya Hospital, Rajaram Mohan Roy Road, Ashok Nagar, Bangalore, Karnataka 560001, India",12.96828,77.59495,3,200
"MEI Colony, Bangalore","MEI Colony, Phase 3, Peenya Industrial Area, Bangalore, Karnataka 560058, India",13.019713,77.519304,3,200
"MEI Layout, Bangalore","MEI Polytechnic, Rajaji Nagar, Manjunatha Nagar, Srirampuram, Bangalore, Karnataka 560010, India",12.984078,77.556568,3,200
"Mico Check Post Adugodi, Bangalore","Adugodi, Bangalore, Karnataka, India",12.943882,77.609219,3,200
"Mother Milk Dairy Cross Uganavadi, Bangalore","Bangalore, Karnataka, India",12.971599,77.594563,3,200
"MTB Shubhameru Doddanekundi, Bangalore","Doddanekundi, Kartik Nagar, Bangalore, Karnataka, India",12.974357,77.685107,3,200
"NARASAPURA, Bangalore","Narasapura, Bangalore, Karnataka 562123, India",13.109187,77.463027,3,200
"National Law College Jnana Bharathi, Bangalore","National Law School of India University, Registrar, National Law School of India University, Teachers Colony, Chandra Layout, Chandra Layout Extension, Bangalore, Karnataka 560242, India",12.953704,77.516258,3,200
"Neelasandra Bus Stand, Bangalore","Bus Stand, Hosur Main Road, Wilson Garden, Bangalore, Karnataka 560027, India",12.947111,77.594474,3,200
"Nelamangala Court, Bangalore","Nelamangala Road, Nelamangala, Karnataka 562123, India",13.099181,77.388247,5,200
"NERALURU GATE, Bangalore","Neraluru Road, Bangalore, Karnataka 562107, India",12.801256,77.730437,5,200
"NGEF Layout Nagarabhavi, Bangalore","NGEF Layout, Nagarabhavi, Bangalore, Karnataka 560056, India",12.958554,77.510703,3,200
"Nrupathunga Nagara, Bangalore","Nrupathunga Nagar, Sankranthi Layout, Arakere, Bangalore, Karnataka, India",12.88304,77.584508,3,200
"Obalapura, Bangalore","Obalapura, Karnataka 562114, India",12.957184,77.829581,3,200
"Okalipuram, Bangalore","Okalipuram, Srirampuram, Bangalore, Karnataka, India",12.983451,77.565524,3,200
"Old Byappanahalli, Bangalore","Old Byappanahalli, Bangalore, Karnataka 560085, India",12.939532,77.540804,3,200
"Old Gabbadi, Bangalore","Bangalore, Karnataka, India",12.971599,77.594563,3,200
"Old Gurappanapalya, Bangalore","OLd Gurappanapalya, Stage 1, BTM Layout, Bangalore, Karnataka, India",12.924642,77.602646,3,200
"Om Shakthi Temple, Bangalore","Om Shakthi Temple Road, Horamavu Agara, Hormavu, Bangalore, Karnataka 560016",13.038643,77.667975,5,200
"Om Timber, Bangalore","Bangalore, Karnataka, India",12.971599,77.594563,3,200
"Omax Circle, Bangalore","Bangalore, Karnataka, India",12.971599,77.594563,3,200
"Onti Mane Chikka Thirupathi, Bangalore","Bangalore, Karnataka, India",12.971599,77.594563,3,200
"Orahalli, Bangalore","Harohalli, Karnataka 562114, India",12.944259,77.795268,3,200
"OTC Circle, Bangalore","Dharmaraya Swamy Temple Road, Bangalore, Karnataka, India",12.965967,77.582338,5,200
"Pantharapalya Nayandahalli, Bangalore","Pantarapalya, Nayandahalli, Bangalore, Karnataka, India",12.940623,77.52683,3,200
"Patalamma Temple Uttarahalli, Bangalore","Patalamma Temple Bus Stop, Uttarahalli, Bharath Housing Society Layout, Subramanyapura, Bangalore, Karnataka 560061, India",12.904705,77.53011,3,200
"Philomena Hospital, Bangalore","Philomena Hospital Road, Nagavara, Bangalore, Karnataka 560045",13.039584,77.620864,5,200
"Poorna Prajna Layout Water Tank, Bangalore","BWSSB Water Tank, 6th Block, Banashankari Stage III, Banashankari, Bangalore, Karnataka 560085",12.930112,77.547144,3,200
"Ragigudda Jayanagara 9th Block, Bangalore","Ragigudda Hill, Phase 2, Phase II, J P Nagar, Bangalore, Karnataka 560078",12.914099,77.593303,3,200
"Rajaji Nagara 1st Block, Bangalore","1st Block, Hombegowda Nagar, Bangalore, Karnataka, India",12.93924,77.589482,3,200
"Rajaji Nagara ESI Hospital, Bangalore","ESI Hospital, 12th Main Road, Rajajinagar, Bangalore, Karnataka 560010, India",12.990087,77.553397,3,200
"Rajendra Nagara, Bangalore","Rajendra Nagar, Adugodi, Bangalore, Karnataka 560047, India",12.949272,77.618529,3,200
"Ranga Jangama Gonipura Road, Bangalore","Bangalore, Karnataka, India",12.971599,77.594563,3,200
"Ravi Gym, Bangalore","Bangalore, Karnataka, India",12.971599,77.594563,3,200
"RBI Layout, Bangalore","R. B. I. Layout, JP Nagar 7th Phase, Bangalore, Karnataka, India",12.889522,77.579852,3,200
"RM Guttahalli [BDA Office], Bangalore","Bangalore, Karnataka, India",12.971599,77.594563,3,200
"Robin Talkies Kengeri Post Office, Bangalore","Bangalore, Karnataka, India",12.971599,77.594563,3,200
"RV Dental College J P Nagara, Bangalore","RV Dental College, 24th Main Road, Phase 1, J P Nagar, Bangalore, Karnataka 560078, India",12.91131,77.585225,3,200
"Samandur, Bangalore","Bangalore, Karnataka, India",12.971599,77.594563,3,200
"SAP ITPL, Bangalore","SAP Creche, Road Number 7, KIADB Export Promotion Industrial Area, Whitefield, Bangalore, Karnataka 560048, India",12.980691,77.717392,3,200
"Sarjapura Cross, Bangalore","N Cross Road, Bangalore, Karnataka 560029, India",12.925137,77.605916,5,200
"SBM ATM Amruthahalli, Bangalore","ATM Medical, Masjid Road, Richard Xavier's colony, Neelasandra, Bangalore, Karnataka 560047, India",12.952413,77.612132,3,200
"Shivananda Stores, Bangalore","Vasu Medicals And General Stores, Shop No. 8 & 3, Malagalu Village, Pattegarapalya, 18th Cross Road, Govindaraja Nagar, Stage 2, Vijayanagar, Bangalore, Karnataka 560079, India",12.973336,77.538012,3,200
"SJR Park ITPL, Bangalore","SJR I-Park, Road 9, EPIP Zone, Whitefield, Bangalore, Karnataka 560066, India",12.980912,77.726251,3,200
"SLV Bakery Ittumadu, Bangalore","Bangalore, Karnataka, India",12.971599,77.594563,3,200
"Sonnappanahalli, Bangalore","Sonnappanahalli, Karnataka, India",13.295543,77.569106,3,200
"Srinivasa Kalyana Mantapa, Bangalore","Srinivasa Kalyana Mantapa, Teachers Colony, Chandapura, Bangalore, Karnataka 562107, India",12.801604,77.70642,3,200
"State Bank Of India St Marks Road, Bangalore","St Marks Road, Bangalore, Karnataka",12.972192,77.601132,5,200
"Sub Register Office, Bangalore","Sub Register Office, Lakshmipuru Road, Madanayakahalli, Bangalore, Karnataka 562123, India",13.060461,77.461027,3,200
"Subbarayappana Palya Cross, Bangalore","Bangalore, Karnataka, India",12.971599,77.594563,3,200
"Sulwara Cross, Bangalore","Bangalore, Karnataka, India",12.971599,77.594563,3,200
"Talegere, Bangalore","Bangalore, Karnataka, India",12.971599,77.594563,3,200
"Taluk Office, Bangalore","Taluk Office, Vishwapriya Nagar, Begur, Bangalore, Karnataka 560068, India",12.885795,77.625431,3,200
"Telephone Exchange Jayanagara, Bangalore","Telephone Exchange, Malleswaram, Bangalore, Karnataka 560003, India",13.005996,77.568921,3,200
"Udaya Nagara, Bangalore","Udaya Nagar, Mahadevapura, Bangalore, Karnataka, India",12.990164,77.675803,3,200
"Uddandalli, Bangalore","Dandeli..Explore the unexplored, RPC Layout, Vijayanagar, Bangalore, Karnataka 560104, India",12.95611,77.53601,3,200
"Uddi Chikkanahalli Gate, Bangalore","Bangalore, Karnataka, India",12.971599,77.594563,3,200
"Uganawadi, Bangalore","Anganwadi, Chikk Biddarkalu Village, Bangalore, Karnataka 560073, India",13.036564,77.486755,3,200
"Ujinappanadoddi, Bangalore","Bangalore, Karnataka, India",12.971599,77.594563,3,200
"Umara Bhagh Layout, Bangalore","Bangalore, Karnataka, India",12.971599,77.594563,3,200
"Unani Hospital Basaveshwaranagara, Bangalore","Bangalore, Karnataka, India",12.971599,77.594563,3,200
"Upkar Badavane, Bangalore","Bangalore, Karnataka, India",12.971599,77.594563,3,200
"Uragahalli Bidadi, Bangalore","Bangalore, Karnataka, India",12.971599,77.594563,3,200
"Uraganadoddi Bannerghatta, Bangalore","Bangalore, Karnataka, India",12.971599,77.594563,3,200
"Urvashi Talkies, Bangalore","Bangalore, Karnataka, India",12.971599,77.594563,3,200
"Uttam Sagar Hotel, Bangalore","Bangalore, Karnataka, India",12.971599,77.594563,3,200
"Uttanahalli Cross, Bangalore","Bangalore, Karnataka, India",12.971599,77.594563,3,200
"Uttarahalli, Bangalore","Uttarahalli, Bangalore, Karnataka, India",12.905786,77.542639,3,200
"Uttarahalli KR Hospital, Bangalore","kr hospital, Uttarahalli Main Road, Simhadri layout, Uttarahalli, Bangalore, Karnataka 560061, India",12.907119,77.545947,3,200
"Uttari, Bangalore","Uttari, Karnataka 560082, India",12.818005,77.493499,3,200
"Vasudevapura School, Bangalore","Bangalore, Karnataka, India",12.971599,77.594563,3,200
"Veerasandra Hosur Road, Bangalore","Hosur Road, Veer Sandra, Electronics City, Bangalore, Karnataka 560100",12.838761,77.677763,3,200
"Vinayaka Nagara Jalahalli East, Bangalore","Vinayak Nagar, Vidyaranyapura, Bangalore, Karnataka, India",13.084977,77.546179,3,200
"Vishveshwaraiah College, Bangalore","Bangalore University, Bangalore, Karnataka, India",12.945642,77.508724,3,200
"Vishveshwaraiah Enclave Abbigere, Bangalore","Abbigere, Bangalore, Karnataka, India",13.071019,77.526141,3,200
"VIT Cross Devanahalli Road, Bangalore","Devanahalli, Southegowdanahalli, Karnataka 562110, India",13.243513,77.709209,3,200
"WIMAC Junction Chikkabanavara, Bangalore","Bangalore, Karnataka, India",12.971599,77.594563,3,200
"Yadagondanahalli, Bangalore","Kadugondanahalli, Bangalore, Karnataka, India",13.01656,77.622109,3,200
"Yadavanahalli, Bangalore","Yadavanahalli, Karnataka 562107, India",12.78972,77.752361,3,200
"Yelahanka NES Office, Bangalore","NES Office, Gandhi Nagar, Yelahanka, Bangalore, Karnataka 560064, India",13.097257,77.592404,3,200
